{
  "project_info": {
    "project_number": "369160007845",
    "firebase_url": "https://groceryapp-93f3d.firebaseio.com",
    "project_id": "groceryapp-93f3d",
    "storage_bucket": "groceryapp-93f3d.appspot.com"
  },
  "client": [
    {
      "client_info": {
        "mobilesdk_app_id": "1:369160007845:android:59214dde279caab13f9d4c",
        "android_client_info": {
          "package_name": "com.shawon.groceryapp"
        }
      },
      "oauth_client": [
        {
          "client_id": "369160007845-ddia898c3abe1io6utetv3b4jskdhq4t.apps.googleusercontent.com",
          "client_type": 3
        }
      ],
      "api_key": [
        {
          "current_key": "AIzaSyAEfa9eywm6dt6GA6KhFKR8nGYiRMPbpdc"
        }
      ],
      "services": {
        "appinvite_service": {
          "other_platform_oauth_client": [
            {
              "client_id": "369160007845-ddia898c3abe1io6utetv3b4jskdhq4t.apps.googleusercontent.com",
              "client_type": 3
            }
          ]
        }
      }
    }
  ],
  "configuration_version": "1"
}